Ratio,Predicted,Sigma,PDG,DeviationPPM
mu/e,206.772097,–,206.768283,18.45
tau/mu,16.818047,–,16.817029,60.5
tau/e,3477.584758,–,3477.228280,102.5

