Ratio,Predicted,Sigma,PDGAtScale,Deviation
s/d,20.000000,0.8883,20.000000,0%
b/s,54.823511,0.8037,54.823511,0%
c/u,533.591149,28.5065,533.591149,0%
t/c,—,—,—,—
